Time,BldPitch1,RotSpeed,RotThrust,RotTorq,GenPwr
600.000000000000000,1.151620160119372,11.701489110160981,597.303027346552312,3111.925335016786903,3621.650262561336149
