Time,BldPitch1,RotSpeed,RotThrust,RotTorq,GenPwr
600.000000000000000,0.480352469798273,11.819210594278172,679.397925335016680,3799.127320726563084,4460.008149444747687
