aoa,cl,cd
5.08631,1.0089,0.00761653
